STATE_COUNTY,PER_CAPITA_INCOME
NY_NEWYORKCOUNTY,62498
VA_ARLINGTON,62018
VA_FALLSCHURCHCITY,59088
CA_MARIN,56791
VA_ALEXANDRIACITY,54608
CO_PITKIN,51814
NM_LOSALAMOS,51044
VA_FAIRFAXCOUNTY,50532
NJ_HUNTERDON,50349
TX_BORDEN,50042
MD_MONTGOMERY,49038
NJ_MORRIS,48814
CT_FAIRFIELD,48721
CA_SANFRANCISCO,48486
MD_HOWARD,48172
NY_WESTCHESTER,47984
NJ_SOMERSET,47803
MA_NANTUCKET,47331
VA_LOUDOUN,46565
AK_NORTHSLOPE,46457
CA_SANMATEO,45732
HI_KALAWAO,45515
DC_WASHINGTONCITY,45290
VA_GOOCHLAND,45039
MA_NORFOLK,44692
VA_FAIRFAXCITY,44345
CO_DOUGLAS,43634
WY_TETON,43444
NJ_BERGEN,43347
MA_MIDDLESEX,42861
NJ_MONMOUTH,42749
UT_SUMMIT,42462
NY_NASSAU,42400
CO_MINERAL,42255
PA_CHESTER,42210
WI_OZAUKEE,42041
CO_CLEARCREEK,41716
CA_SANTACLARA,41513
PA_MONTGOMERY,41472
TN_WILLIAMSON,41292
CO_SANMIGUEL,40827
MD_ANNEARUNDEL,40415
NY_PUTNAM,40309
RI_NEWPORT,40293
OH_DELAWARECOUNTY,40189
CT_MIDDLESEX,39992
WA_KING,39911
VA_FAUQUIER,39600
IN_HAMILTON,39521
CO_EAGLE,39497
VA_JAMESCITYCOUNTY,39133
RI_BRISTOL,38893
KS_JOHNSON,38827
VA_CLARKE,38748
ND_WILLIAMS,38738
IL_DUPAGE,38570
VA_POQUOSONCITY,38444
NH_ROCKINGHAM,38399
MD_CALVERT,38260
CA_CONTRACOSTA,38219
MD_QUEENANNE'S,38108
CO_GILPIN,38022
MD_TALBOT,38022
IL_LAKE,38018
CO_BOULDER,38011
ND_BILLINGS,37972
NJ_SUSSEX,37949
TX_COLLIN,37839
WA_SANJUAN,37719
CT_LITCHFIELD,37667
WI_WAUKESHA,37577
AK_JUNEAU,37558
MN_HENNEPIN,37485
IN_BOONE,37482
PA_BUCKS,37466
NJ_MERCER,37465
MN_CARVER,37457
CO_BROOMFIELD,37442
VA_PRINCEWILLIAM,37401
MD_CHARLES,37277
VA_ALBEMARLE,37239
AK_SKAGWAY,37139
AK_BRISTOLBAY,37024
RI_WASHINGTONCOUNTY,37023
NY_SUFFOLK,36945
MD_FREDERICK,36917
FL_ST.JOHNS,36836
NJ_BURLINGTON,36835
GA_FULTON,36757
MN_WASHINGTONCOUNTY,36706
VA_STAFFORD,36574
VA_RAPPAHANNOCK,36505
MI_OAKLAND,36458
FL_COLLIER,36439
VA_YORK,36373
CO_HINSDALE,36365
ND_DIVIDE,36303
AK_ANCHORAGE,36214
TX_ROBERTS,36172
SD_UNION,36167
MD_CARROLL,36153
MA_BARNSTABLE,36142
CO_JEFFERSON,36087
CO_ELBERT,36077
MD_ST.MARY'S,36017
WY_SUBLETTE,35944
IA_DALLAS,35844
TX_KENDALL,35827
CA_ALAMEDA,35763
ID_BLAINE,35524
MN_SCOTT,35467
MD_HARFORD,35425
GA_FAYETTE,35344
AK_DENALI,35295
MA_PLYMOUTH,35220
NY_SARATOGA,35176
MA_ESSEX,35167
MO_PLATTE,35143
NJ_UNION,35089
CA_PLACER,34886
CA_ELDORADO,34884
CO_ROUTT,34873
SD_LINCOLN,34839
MN_DAKOTA,34828
CA_NAPA,34795
MO_ST.LOUISCOUNTY,34795
CT_HARTFORD,34698
TX_ROCKWALL,34617
NY_ROCKLAND,34591
GA_FORSYTH,34582
NC_ORANGE,34465
OH_GEAUGA,34455
CT_TOLLAND,34392
NH_HILLSBOROUGH,34390
MD_BALTIMORECOUNTY,34374
NJ_MIDDLESEX,34345
AK_YAKUTAT,34317
VA_KINGGEORGE,34234
AK_PETERSBURGCENSUSAREA,34183
NV_DOUGLAS,34123
TX_FORTBEND,34084
MN_OLMSTED,34073
TX_LOVING,34068
CA_ORANGE,34057
FL_MARTIN,34057
CO_SUMMIT,34025
FL_MONROE,33974
TX_DENTON,33855
WY_CAMPBELL,33850
RI_KENT,33814
ND_MOUNTRAIL,33803
GA_OCONEE,33801
ND_DUNN,33788
CT_NEWLONDON,33782
WI_DANE,33712
TX_MIDLAND,33672
TX_LLANO,33634
NY_COLUMBIA,33613
NY_DUTCHESS,33594
KY_OLDHAM,33591
NJ_WARREN,33555
VA_HANOVER,33540
NV_STOREY,33472
MA_DUKES,33363
ND_TOWNER,33357
AL_SHELBY,33313
VT_CHITTENDEN,33281
CO_DENVER,33251
MI_WASHTENAW,33231
TX_TRAVIS,33206
PA_DELAWARECOUNTY,33179
OH_WARREN,33172
MS_MADISON,33170
NC_WAKE,33166
VT_GRANDISLE,33159
VA_HENRICO,33115
ND_MCKENZIE,33078
GA_COBB,33069
ND_FOSTER,33063
MT_MADISON,33062
CO_OURAY,33015
TX_COMAL,32980
NJ_CAPEMAY,32948
CA_VENTURA,32930
TX_MONTGOMERY,32911
ND_BURKE,32908
MD_WORCESTER,32887
ME_CUMBERLAND,32880
ND_BURLEIGH,32876
MN_COOK,32868
FL_PALMBEACH,32858
CA_SONOMA,32835
MA_SUFFOLK,32835
OR_CLACKAMAS,32781
KS_GREELEY,32650
NJ_HUDSON,32641
NJ_GLOUCESTER,32600
CO_ARAPAHOE,32595
AK_VALDEZ-CORDOVACENSUSAREA,32579
VA_CHESTERFIELD,32572
CT_NEWHAVEN,32523
AK_SITKA,32521
SC_BEAUFORT,32503
VA_BOTETOURT,32490
NC_MECKLENBURG,32482
DE_NEWCASTLE,32406
CA_NEVADA,32346
MD_PRINCEGEORGE'S,32344
IL_MCHENRY,32341
NY_ALBANY,32328
FL_SARASOTA,32313
NM_SANTAFE,32298
CA_SANTACRUZ,32295
ND_OLIVER,32253
WI_ST.CROIX,32220
NJ_ESSEX,32181
AK_FAIRBANKSNORTHSTAR,32143
MI_LIVINGSTON,32129
VA_NEWKENT,32068
ND_BOWMAN,32045
MT_RICHLAND,32036
ND_CAVALIER,32028
WI_WASHINGTONCOUNTY,32020
ND_LAMOURE,31989
ND_BOTTINEAU,31969
VA_VIRGINIABEACHCITY,31934
AL_MADISON,31933
NY_RICHMOND,31823
PA_CUMBERLAND,31791
AK_ALEUTIANSWESTCENSUSAREA,31790
IA_DICKINSON,31790
WA_KITSAP,31769
ND_MERCER,31767
IL_MONROE,31758
VA_ROANOKECOUNTY,31728
ND_BARNES,31721
KS_LANE,31694
CO_GRAND,31684
PA_ALLEGHENY,31593
AK_KETCHIKANGATEWAY,31589
MO_ST.CHARLES,31586
TX_TERRELL,31578
NH_CARROLL,31558
MA_WORCESTER,31537
NE_SIOUX,31517
CO_PARK,31504
MD_KENT,31502
ND_ADAMS,31502
GA_HARRIS,31482
MI_LEELANAU,31462
ND_STEELE,31455
MT_DANIELS,31449
ND_STARK,31412
MT_SHERIDAN,31378
VA_SPOTSYLVANIA,31360
WA_SNOHOMISH,31349
VA_MATHEWS,31342
NH_MERRIMACK,31310
SD_MINER,31288
IL_KENDALL,31276
AK_KENAIPENINSULA,31256
VA_POWHATAN,31252
IL_PIATT,31190
ND_RENVILLE,31178
NC_CHATHAM,31175
IA_GRUNDY,31164
TX_GLASSCOCK,31135
AK_HAINES,31096
OR_WASHINGTONCOUNTY,31078
CO_TELLER,31075
TX_WILLIAMSON,31070
ND_MCLEAN,30992
PA_BUTLER,30957
GA_COLUMBIA,30949
WY_CONVERSE,30941
WA_ISLAND,30941
SD_STANLEY,30933
VT_WINDSOR,30932
IL_WOODFORD,30926
TX_GALVESTON,30926
IA_AUDUBON,30919
VA_ISLEOFWIGHT,30903
VA_FLUVANNA,30881
CO_LARIMER,30740
NH_GRAFTON,30738
VA_LANCASTER,30737
OH_MEDINA,30707
TX_PARKER,30692
CA_SANDIEGO,30668
WI_DOOR,30657
MN_ANOKA,30647
NJ_CAMDEN,30592
ND_SLOPE,30586
NY_ORANGE,30583
FL_INDIANRIVER,30532
VA_MIDDLESEX,30531
NC_DARE,30529
ND_CASS,30529
NH_BELKNAP,30518
WY_SWEETWATER,30517
NJ_OCEAN,30477
OR_MULTNOMAH,30475
IL_MCLEAN,30460
IA_POLK,30442
NY_ULSTER,30442
KS_HODGEMAN,30440
ND_NELSON,30432
MT_JEFFERSON,30397
IL_WILL,30377
LA_ST.TAMMANY,30363
HI_HONOLULU,30361
CA_SANTABARBARA,30352
NY_WARREN,30351
SD_HUGHES,30284
KS_NESS,30223
SD_SULLY,30218
NE_SARPY,30189
IL_COOK,30183
SC_CHARLESTON,30158
CO_LAPLATA,30151
TX_CHAMBERS,30140
TX_GILLESPIE,30117
NE_THOMAS,30116
VA_FREDERICK,30112
TX_WHEELER,30097
IL_KANE,30082
TX_HOOD,30046
OH_GREENE,30040
NE_SAUNDERS,30039
TX_GOLIAD,30031
NY_RENSSELAER,29987
IL_SANGAMON,29974
CA_SANLUISOBISPO,29954
ND_SARGENT,29950
IA_LINN,29943
MN_GOODHUE,29932
IN_WARRICK,29927
VA_CHESAPEAKECITY,29905
NY_ONTARIO,29904
WY_NATRONA,29877
TX_KING,29836
IN_HENDRICKS,29830
CA_PLUMAS,29806
NV_LANDER,29800
CO_ARCHULETA,29793
VT_WASHINGTONCOUNTY,29761
WA_THURSTON,29744
MI_EMMET,29718
OH_HAMILTON,29681
NC_NEWHANOVER,29679
IL_JODAVIESS,29675
NE_CASS,29638
MN_WRIGHT,29623
GA_CHEROKEE,29615
WV_JEFFERSON,29605
PA_MONTOUR,29600
IA_JOHNSON,29592
LA_CAMERON,29559
TX_HEMPHILL,29544
MI_MIDLAND,29536
AK_MATANUSKA-SUSITNA,29534
MD_CECIL,29518
HI_MAUI,29517
MN_RAMSEY,29484
MA_HAMPSHIRE,29460
AK_SOUTHEASTFAIRBANKSCENSUSAREA,29437
MO_CLAY,29406
ND_MORTON,29389
NH_STRAFFORD,29369
NC_DURHAM,29347
CA_CALAVERAS,29329
NE_WASHINGTONCOUNTY,29328
ND_WELLS,29301
MA_BERKSHIRE,29294
KY_WOODFORD,29277
PA_NORTHAMPTON,29266
FL_PINELLAS,29262
MA_FRANKLIN,29259
KY_FAYETTE,29251
KY_BOONE,29235
PA_DAUPHIN,29234
ND_SHERIDAN,29219
VT_BENNINGTON,29196
IN_POSEY,29187
NE_DOUGLAS,29180
VA_SUFFOLKCITY,29135
OH_LAKE,29132
MN_POPE,29128
IA_KOSSUTH,29127
ME_YORK,29125
TX_RANDALL,29124
MN_DODGE,29107
IA_WARREN,29088
TX_BRAZORIA,29081
ND_WALSH,29072
IA_CLAY,29060
TX_LIPSCOMB,29017
IA_SCOTT,28948
MT_GALLATIN,28939
CA_SOLANO,28929
FL_NASSAU,28926
NC_MOORE,28913
WI_CALUMET,28907
ND_KIDDER,28904
LA_LAFAYETTE,28901
NC_UNION,28894
VA_WARREN,28889
MT_STILLWATER,28868
CO_ELPASO,28867
VT_WINDHAM,28867
OH_UNION,28852
MA_BRISTOL,28837
ME_SAGADAHOC,28829
GA_DEKALB,28810
AK_HOONAH-ANGOONCENSUSAREA,28806
NJ_SALEM,28772
WY_WESTON,28764
OH_CLERMONT,28761
VA_MANASSASCITY,28752
NY_ONONDAGA,28746
MN_STEVENS,28746
NY_MONROE,28732
IA_BREMER,28727
IL_GRUNDY,28725
VT_ADDISON,28722
VA_BATH,28704
VA_BEDFORDCOUNTY,28697
FL_SEMINOLE,28675
VA_GLOUCESTER,28673
NV_WASHOE,28670
IN_PORTER,28669
FL_OKALOOSA,28600
WA_BENTON,28583
NH_SULLIVAN,28582
IN_JOHNSON,28575
VA_NORTHUMBERLAND,28568
MT_FALLON,28563
AK_KODIAKISLAND,28562
ND_WARD,28557
MT_POWDERRIVER,28528
WY_LARAMIE,28505
NE_DUNDY,28502
AK_WRANGELL,28474
TN_DAVIDSON,28467
MI_CLINTON,28449
WA_SKAMANIA,28449
IL_PEORIA,28438
NM_EDDY,28438
PA_WASHINGTONCOUNTY,28433
KS_MIAMI,28412
MT_LEWISANDCLARK,28400
NE_SEWARD,28359
NV_ELKO,28358
SD_CUSTER,28356
ND_MCHENRY,28331
IL_MENARD,28330
SD_DOUGLAS,28323
NY_SCHENECTADY,28319
WY_WASHAKIE,28308
NE_CHEYENNE,28296
OH_FRANKLIN,28283
MN_WABASHA,28282
WI_COLUMBIA,28273
TX_TARRANT,28266
WA_JEFFERSON,28266
NY_HAMILTON,28265
NE_CHASE,28241
WA_PIERCE,28223
WY_CROOK,28212
NE_YORK,28207
FL_BROWARD,28205
TN_FAYETTE,28201
TX_FRANKLIN,28189
WI_OUTAGAMIE,28186
LA_ASCENSION,28178
WV_KANAWHA,28174
KS_GRAHAM,28146
TN_KNOX,28136
TX_SOMERVELL,28134
PA_YORK,28132
ND_GRANT,28129
IN_HANCOCK,28111
IA_O'BRIEN,28086
ND_RAMSEY,28081
WY_JOHNSON,28072
MN_SHERBURNE,28071
ME_LINCOLN,28070
IA_IOWACOUNTY,28068
NV_EUREKA,28056
TX_IRION,28055
PA_WESTMORELAND,28051
CA_MONO,28046
IL_TAZEWELL,28037
IA_GUTHRIE,28030
MN_TRAVERSE,28030
TX_BAYLOR,28021
MN_LACQUIPARLE,28014
OH_OTTAWA,27979
NY_ERIE,27978
WV_PUTNAM,27957
WY_SHERIDAN,27948
IA_PLYMOUTH,27942
NE_PERKINS,27931
KY_JEFFERSON,27925
PA_LEHIGH,27923
MN_CHISAGO,27914
ND_HETTINGER,27910
IA_EMMET,27908
TX_HARRIS,27899
CT_WINDHAM,27893
ND_LOGAN,27887
MN_LAKE,27883
SD_CLARK,27878
NH_CHESHIRE,27874
ME_KNOX,27865
TN_WILSON,27864
GA_GREENE,27828
WY_PARK,27824
OH_SUMMIT,27818
ND_PEMBINA,27817
KY_SCOTT,27802
IL_CLINTON,27802
TX_ARCHER,27800
ME_HANCOCK,27797
NE_KEARNEY,27796
TX_BREWSTER,27796
TN_SUMNER,27795
MN_LESUEUR,27793
WI_BROWN,27787
MT_YELLOWSTONE,27761
SD_SPINK,27757
CA_LOSANGELES,27749
CA_YOLO,27730
TX_SUTTON,27721
MN_DOUGLAS,27716
ND_RICHLAND,27713
KY_KENTON,27704
PA_PIKE,27691
ND_EMMONS,27690
IA_MADISON,27685
SD_MOODY,27682
WA_CLARK,27681
OK_TULSA,27676
NE_BUTLER,27673
MI_GRANDTRAVERSE,27660
VA_ORANGE,27655
CO_GUNNISON,27654
NE_POLK,27639
KS_COFFEY,27627
VA_COLONIALHEIGHTSCITY,27610
WI_MARATHON,27607
MT_CARBON,27599
IA_JEFFERSON,27593
CO_RIOBLANCO,27586
GA_BRYAN,27556
OK_CANADIAN,27552
SD_DEUEL,27525
OR_DESCHUTES,27524
LA_EASTBATONROUGE,27505
FL_SUMTER,27504
TX_MASON,27504
TX_KIMBLE,27502
SD_LAWRENCE,27498
NC_CARTERET,27496
MT_WIBAUX,27492
SD_KINGSBURY,27485
OK_GRANT,27469
MO_CASS,27463
WI_PIERCE,27462
KS_MCPHERSON,27462
ID_ADA,27452
MN_MURRAY,27450
CA_INYO,27441
TX_ANDREWS,27429
LA_BOSSIER,27429
OH_CUYAHOGA,27423
NY_TOMPKINS,27418
AR_PULASKI,27414
IL_MADISON,27407
VT_FRANKLIN,27398
NJ_ATLANTIC,27391
IN_WARREN,27390
VA_CULPEPER,27379
TX_MCMULLEN,27375
OK_ROGERS,27365
MN_JACKSON,27361
IN_BARTHOLOMEW,27359
ND_STUTSMAN,27351
FL_LEE,27348
CA_AMADOR,27347
GA_DAWSON,27330
KS_BUTLER,27329
OK_ROGERMILLS,27326
ND_EDDY,27323
FL_MANATEE,27322
VA_ROCKINGHAM,27298
VA_MADISON,27296
IA_CERROGORDO,27291
VT_ORANGE,27289
PA_ADAMS,27284
SD_YANKTON,27268
VA_CHARLOTTESVILLECITY,27268
MN_STEELE,27259
AZ_MARICOPA,27256
TX_WILSON,27238
NY_TIOGA,27230
TN_HAMILTON,27229
VA_FREDERICKSBURGCITY,27222
NE_DEUEL,27199
ND_GRIGGS,27197
IN_FLOYD,27185
VA_RICHMONDCITY,27184
OK_ELLIS,27183
CO_CHAFFEE,27182
OK_MAJOR,27168
MT_MCCONE,27161
VT_LAMOILLE,27157
KS_DECATUR,27154
NJ_PASSAIC,27152
IA_BOONE,27149
FL_HILLSBOROUGH,27149
WI_RACINE,27141
NE_LANCASTER,27141
SD_BROWN,27138
WI_WALWORTH,27130
IL_CARROLL,27118
IL_HENRY,27117
IA_MILLS,27101
ND_TRAILL,27098
PA_LEBANON,27074
IL_PUTNAM,27074
WA_SKAGIT,27065
WI_GREEN,27060
IN_DEARBORN,27058
OK_WASHINGTONCOUNTY,27053
IL_EFFINGHAM,27051
TN_LOUDON,27045
WI_ONEIDA,27041
KY_SHELBY,27039
IA_BUCHANAN,27038
TX_FAYETTE,27032
OH_FAIRFIELD,27031
ND_GRANDFORKS,27026
KS_LEAVENWORTH,27017
SD_LAKE,27015
FL_BREVARD,27009
SD_PENNINGTON,27000
VA_GREENE,26998
CA_MARIPOSA,26988
TX_YOUNG,26979
NE_THAYER,26965
TX_JEFFDAVIS,26958
VA_LOUISA,26956
WI_WINNEBAGO,26955
WA_GARFIELD,26954
TX_ARANSAS,26953
MI_CHARLEVOIX,26947
KY_CAMPBELL,26945
VA_MANASSASPARKCITY,26944
VA_KINGWILLIAM,26940
IA_FREMONT,26930
MN_KITTSON,26927
NM_SANDOVAL,26924
IL_CALHOUN,26924
OK_CLEVELAND,26920
KS_MITCHELL,26911
DE_SUSSEX,26908
LA_JEFFERSON,26908
AL_JEFFERSON,26906
KS_THOMAS,26903
MS_RANKIN,26897
KS_RAWLINS,26897
MO_BOONE,26895
SC_LEXINGTON,26886
MN_KANDIYOHI,26880
TX_HAYS,26873
FL_SANTAROSA,26861
NE_PHELPS,26856
IL_STARK,26843
KS_SHERIDAN,26841
NC_BRUNSWICK,26839
MN_MARSHALL,26834
TX_CARSON,26827
MN_MCLEOD,26824
TX_ARMSTRONG,26823
TX_DALLAS,26816
NM_BERNALILLO,26814
OH_BUTLER,26813
KS_SMITH,26811
WY_NIOBRARA,26797
TX_BLANCO,26781
NE_HOWARD,26770
MN_LINCOLN,26767
AL_BALDWIN,26766
IA_JONES,26762
GA_COWETA,26757
LA_ST.CHARLES,26756
MI_MACOMB,26748
IA_HUMBOLDT,26746
CA_SACRAMENTO,26739
OR_BENTON,26738
GA_GLYNN,26724
PA_BERKS,26723
OH_LICKING,26716
NE_HAMILTON,26715
AR_BENTON,26715
NE_GARDEN,26715
IL_BUREAU,26705
IL_DEWITT,26704
CO_MESA,26700
GA_PICKENS,26686
MN_NICOLLET,26674
KY_SPENCER,26666
MN_GRANT,26665
VA_SALEMCITY,26661
HI_KAUAI,26658
SC_GREENVILLE,26643
IL_OGLE,26635
TX_REAGAN,26633
WI_IOWACOUNTY,26625
IA_BENTON,26624
IL_MERCER,26620
KS_OTTAWA,26614
CO_GARFIELD,26603
SD_JERAULD,26590
NY_SCHOHARIE,26584
MI_EATON,26582
NY_ESSEX,26582
FL_CLAY,26577
MN_BROWN,26576
IA_CEDAR,26567
OK_OKLAHOMACOUNTY,26561
SC_YORK,26553
WY_HOTSPRINGS,26544
NC_FORSYTH,26541
AK_ALEUTIANSEAST,26535
MD_WASHINGTONCOUNTY,26532
WA_WHATCOM,26530
MN_CROWWING,26527
TX_PANOLA,26525
NV_HUMBOLDT,26515
WI_KENOSHA,26514
SD_MCCOOK,26505
LA_ORLEANS,26500
PA_LANCASTER,26496
NY_QUEENS,26495
MN_MARTIN,26472
NC_IREDELL,26467
NC_GUILFORD,26461
IA_WASHINGTONCOUNTY,26459
IL_ROCKISLAND,26455
MN_HOUSTON,26450
TX_COKE,26407
MN_OTTERTAIL,26400
MD_DORCHESTER,26388
IA_SHELBY,26387
SD_MINNEHAHA,26380
VA_HIGHLANDCOUNTY,26372
KS_GRANT,26370
WI_FONDDULAC,26368
GA_LEE,26357
IA_SAC,26350
MS_LAMAR,26345
KS_DOUGLAS,26342
WY_PLATTE,26335
TX_KERR,26334
IA_CHEROKEE,26330
OH_WOOD,26326
IL_WASHINGTONCOUNTY,26325
GA_PUTNAM,26321
NC_DAVIE,26319
KS_OSBORNE,26313
RI_PROVIDENCE,26308
FL_CHARLOTTE,26286
KS_JEFFERSON,26280
MT_GRANITE,26277
UT_MORGAN,26274
KS_SCOTT,26274
OR_COLUMBIA,26271
WI_LACROSSE,26271
WV_BERKELEY,26264
NV_CARSONCITY,26264
IA_DELAWARECOUNTY,26261
PA_BEAVER,26258
IA_DUBUQUE,26254
WI_VILAS,26252
KY_FRANKLIN,26243
IL_ST.CLAIR,26234
KS_GOVE,26233
IL_MACON,26232
KS_BARBER,26229
KS_LINN,26224
NV_CLARK,26217
KS_PRATT,26209
VT_RUTLAND,26205
IA_GREENE,26205
VA_CHARLESCITYCOUNTY,26198
FL_LEON,26196
SD_HYDE,26195
NE_LINCOLN,26188
IA_WORTH,26187
TX_GUADALUPE,26184
IA_HARRISON,26184
SD_POTTER,26180
MO_COLE,26160
NC_BUNCOMBE,26159
FL_DUVAL,26143
OH_HANCOCK,26139
ND_RANSOM,26137
OH_ERIE,26135
WV_OHIOCOUNTY,26135
WI_SHEBOYGAN,26126
MT_DAWSON,26126
ND_GOLDENVALLEY,26113
SD_HUTCHINSON,26110
OK_BEAVER,26109
UT_SALTLAKE,26103
IA_FRANKLIN,26102
NE_FRANKLIN,26095
MN_STEARNS,26065
MN_RENVILLE,26062
MO_JACKSON,26062
VA_WINCHESTERCITY,26060
VA_NELSON,26059
KS_SHAWNEE,26057
PA_PERRY,26048
MN_KOOCHICHING,26045
UT_DAVIS,26035
OH_LORAIN,26030
MN_LYON,26028
SD_HAND,26027
OK_WOODS,26022
MN_BIGSTONE,26019
MN_CHIPPEWA,25993
NY_NIAGARA,25991
WI_SAUK,25988
IA_STORY,25986
IL_MARSHALL,25975
IA_CLINTON,25966
AR_SALINE,25962
WI_WOOD,25961
KY_MCCRACKEN,25957
WI_WAUPACA,25956
WY_CARBON,25947
MN_ST.LOUISCOUNTY,25946
CA_TUOLUMNE,25943
WI_OCONTO,25941
MI_MONROE,25939
CO_JACKSON,25936
GA_MORGAN,25933
GA_GWINNETT,25932
MT_GARFIELD,25921
SD_WALWORTH,25915
CA_SANBENITO,25914
IL_HENDERSON,25902
NE_WHEELER,25898
WA_CHELAN,25893
MI_KENT,25889
IL_BOONE,25888
TX_AUSTIN,25884
IA_IDA,25869
TX_CLAY,25867
WA_CLALLAM,25865
NE_OTOE,25855
NC_CURRITUCK,25854
IA_POTTAWATTAMIE,25847
WV_MONONGALIA,25846
FL_WALTON,25845
WY_LINCOLN,25834
IN_BROWN,25833
IA_WRIGHT,25827
WI_MANITOWOC,25825
SD_SANBORN,25823
MA_HAMPDEN,25817
WA_LINCOLN,25816
IA_HANCOCK,25814
NE_BANNER,25814
KS_BARTON,25800
MN_POLK,25790
MT_FLATHEAD,25790
MN_SIBLEY,25789
ID_VALLEY,25785
IN_MORGAN,25781
UT_WASATCH,25777
SD_EDMUNDS,25775
OK_KINGFISHER,25773
ME_KENNEBEC,25770
IA_CALHOUN,25766
MT_MISSOULA,25764
SC_RICHLAND,25763
CO_CUSTER,25761
MI_KALAMAZOO,25757
SD_HAAKON,25754
WI_POLK,25751
SD_PERKINS,25751
MN_SWIFT,25750
LA_PLAQUEMINES,25748
PA_FRANKLIN,25741
NE_CEDAR,25738
MN_WASECA,25723
VA_CAROLINE,25718
IL_CHAMPAIGN,25713
IL_LASALLE,25709
NY_GREENE,25700
NM_HARDING,25686
MT_VALLEY,25685
OR_CLATSOP,25680
NC_HENDERSON,25670
MN_FREEBORN,25668
MN_MEEKER,25665
TX_WISE,25663
TX_ELLIS,25662
WA_SPOKANE,25661
MN_ROSEAU,25650
MN_REDWOOD,25649
VA_ROCKBRIDGE,25638
KY_JESSAMINE,25637
MN_WATONWAN,25635
TX_SMITH,25626
WI_JEFFERSON,25625
NC_CAMDEN,25620
OK_LOGAN,25620
KS_SEDGWICK,25603
IN_NEWTON,25594
PA_LACKAWANNA,25594
NE_BOONE,25590
IN_DUBOIS,25589
SD_CODINGTON,25582
NE_ADAMS,25571
IA_ADAIR,25564
TX_HARDIN,25559
IA_POCAHONTAS,25556
NC_LINCOLN,25550
TN_SHELBY,25549
PA_CENTRE,25545
KS_GRAY,25537
KS_REPUBLIC,25531
CA_ALPINE,25527
KY_TRIGG,25527
MT_LIBERTY,25522
VA_AUGUSTA,25519
WY_UINTA,25513
PA_MONROE,25494
MN_ISANTI,25482
OH_PUTNAM,25481
IA_MARION,25477
CO_WELD,25468
IL_JERSEY,25467
NE_FILLMORE,25460
MN_BECKER,25455
NM_LINCOLN,25449
IL_FORD,25448
IA_CASS,25448
IN_OHIOCOUNTY,25443
TX_SHACKELFORD,25436
IA_CARROLL,25430
KS_WALLACE,25429
ND_MCINTOSH,25427
NE_PAWNEE,25426
IL_LEE,25409
SD_TURNER,25406
NY_GENESEE,25403
KS_CLARK,25385
MN_BLUEEARTH,25380
MD_WICOMICO,25378
WI_BAYFIELD,25377
SD_MEADE,25375
IL_WHITE,25375
MI_OTTAWA,25371
NY_STEUBEN,25371
MN_RICE,25370
OH_MIAMI,25369
TN_DECATUR,25368
TX_BANDERA,25364
TN_WASHINGTONCOUNTY,25355
NE_MCPHERSON,25339
OH_PORTAGE,25332
NY_CHEMUNG,25329
KS_LOGAN,25328
NY_WAYNE,25327
OH_AUGLAIZE,25323
NE_HARLAN,25322
OR_GILLIAM,25320
IA_POWESHIEK,25318
IA_TAMA,25311
VA_NEWPORTNEWSCITY,25310
MN_YELLOWMEDICINE,25303
MO_ANDREW,25302
GA_HENRY,25299
OK_MCCLAIN,25293
NY_KINGS,25289
WI_EAUCLAIRE,25287
MN_CASS,25287
WI_KEWAUNEE,25282
IN_ALLEN,25279
WI_GREENLAKE,25275
IA_BUTLER,25269
AZ_PIMA,25269
NE_NEMAHA,25269
NE_FRONTIER,25262
KS_MARSHALL,25262
NE_KEYAPAHA,25251
MN_FILLMORE,25249
NC_CABARRUS,25247
VA_HAMPTONCITY,25247
VA_WESTMORELAND,25245
SD_HAMLIN,25233
NY_MADISON,25230
IL_CRAWFORD,25214
NE_KNOX,25214
NE_CHERRY,25213
MD_CAROLINE,25211
NE_BURT,25203
GA_HOUSTON,25195
OR_LINCOLN,25194
TX_COOKE,25186
NE_ANTELOPE,25186
AZ_YAVAPAI,25186
OR_HOODRIVER,25181
MS_DESOTO,25176
IA_HARDIN,25153
MN_WILKIN,25148
MO_CHRISTIAN,25134
VA_SHENANDOAH,25134
WI_DOUGLAS,25129
TX_LEE,25123
WY_BIGHORN,25119
KS_HASKELL,25114
VA_WASHINGTONCOUNTY,25109
NY_ONEIDA,25103
MO_CLINTON,25100
VA_AMELIA,25100
IL_IROQUOIS,25098
NE_KEITH,25097
IN_TIPTON,25093
GA_CHATHAM,25093
TN_RUTHERFORD,25077
LA_LIVINGSTON,25076
IA_CLAYTON,25074
MN_FARIBAULT,25065
IA_WINNESHIEK,25062
MI_BARRY,25059
IA_PALOALTO,25055
NE_BOXBUTTE,25046
IA_MUSCATINE,25038
CO_LAKE,25029
AL_LIMESTONE,25020
WI_TREMPEALEAU,25017
TX_BURNET,24998
OH_MONTGOMERY,24997
CA_SIERRA,24996
MN_MOWER,24990
CO_WASHINGTONCOUNTY,24977
AL_MONTGOMERY,24975
WI_PORTAGE,24972
NY_SULLIVAN,24963
TX_KAUFMAN,24954
IL_LIVINGSTON,24952
KS_STEVENS,24950
MN_AITKIN,24939
KS_SALINE,24935
MD_GARRETT,24932
LA_ST.JAMES,24930
IA_ALLAMAKEE,24926
OK_WOODWARD,24922
MT_CARTER,24921
IA_JASPER,24905
KS_POTTAWATOMIE,24892
IN_KOSCIUSKO,24881
MN_HUBBARD,24880
NM_DEBACA,24879
FL_ORANGE,24877
OK_WAGONER,24874
PA_CARBON,24861
OK_DEWEY,24860
FL_ALACHUA,24857
DE_KENT,24851
WI_WASHBURN,24850
TX_KENT,24839
LA_WESTBATONROUGE,24838
NE_SHERMAN,24837
NY_BROOME,24835
MI_BENZIE,24831
NE_PIERCE,24830
NE_BUFFALO,24830
GA_EFFINGHAM,24824
TX_JOHNSON,24816
MI_KEWEENAW,24802
LA_LAFOURCHE,24798
PA_LUZERNE,24793
MO_JEFFERSON,24792
KS_OSAGE,24789
TX_SCHLEICHER,24787
KY_BALLARD,24781
NE_JEFFERSON,24777
CA_MONTEREY,24775
OH_FULTON,24771
CO_DELTA,24771
SC_AIKEN,24769
WY_ALBANY,24758
MI_INGHAM,24754
VA_STAUNTONCITY,24753
MD_BALTIMORECITY,24750
MO_ATCHISON,24748
MO_FRANKLIN,24742
TX_ORANGE,24736
TX_SANJACINTO,24733
MT_CASCADE,24727
NV_CHURCHILL,24716
KS_EDWARDS,24714
CO_SANJUAN,24711
NY_CAYUGA,24702
TX_VICTORIA,24700
TX_MONTAGUE,24699
MO_WARREN,24692
ID_KOOTENAI,24685
KS_RUSSELL,24683
KS_MORRIS,24680
NY_CLINTON,24676
WI_LINCOLN,24669
VA_NORFOLKCITY,24659
WA_ASOTIN,24659
IL_MACOUPIN,24658
IA_OSCEOLA,24653
ND_DICKEY,24644
NE_MERRICK,24639
HI_HAWAIICOUNTY,24635
WI_CHIPPEWA,24628
NE_CUSTER,24615
IN_WHITLEY,24613
NC_POLK,24611
MI_DICKINSON,24611
MT_PARK,24611
SD_DAVISON,24597
NE_MADISON,24593
IA_FLOYD,24590
NE_DODGE,24588
AK_PRINCEOFWALES-HYDERCENSUSAREA,24581
CO_MOFFAT,24577
OR_WHEELER,24575
WI_DODGE,24573
AL_AUTAUGA,24571
TX_HARTLEY,24566
NE_KIMBALL,24565
TN_ANDERSON,24561
VA_FRANKLINCOUNTY,24557
IA_MONONA,24557
NE_GAGE,24555
SD_GRANT,24554
MN_PENNINGTON,24554
MN_CLAY,24550
KS_NEMAHA,24550
MO_RAY,24549
IA_WINNEBAGO,24547
NC_HAYWOOD,24536
IN_CARROLL,24531
KY_BOYD,24530
IL_WHITESIDE,24525
KY_CLARK,24524
IA_MITCHELL,24518
IA_HAMILTON,24510
KS_HAMILTON,24510
IA_MONROE,24508
KS_CLAY,24503
NE_ROCK,24501
WI_BUFFALO,24500
FL_BAY,24498
FL_FLAGLER,24497
NE_CUMING,24496
SC_DORCHESTER,24495
IL_WINNEBAGO,24495
IA_JACKSON,24493
GA_JONES,24485
PA_SUSQUEHANNA,24477
IL_SCOTT,24471
IN_SHELBY,24459
NY_YATES,24457
MN_BENTON,24453
OH_STARK,24453
NE_WAYNE,24448
ME_ANDROSCOGGIN,24442
SC_GEORGETOWN,24437
NV_WHITEPINE,24435
VA_PRINCEGEORGE,24434
MN_CARLTON,24434
MT_FERGUS,24429
OR_POLK,24426
IA_DESMOINES,24408
AR_FAULKNER,24401
OR_JACKSON,24378
IN_VANDERBURGH,24378
MI_ANTRIM,24370
WI_PEPIN,24367
NH_COOS,24367
MI_ST.CLAIR,24357
LA_CALCASIEU,24355
TX_COLORADOCOUNTY,24348
IL_MORGAN,24337
WV_MARSHALL,24329
TX_JACK,24325
IA_SIOUX,24324
ID_BOISE,24324
OR_SHERMAN,24314
IN_CLARK,24312
MI_OTSEGO,24312
KY_BULLITT,24308
LA_CADDO,24308
TX_LAVACA,24299
IN_JASPER,24297
IL_CLARK,24296
WI_MILWAUKEE,24295
KS_ELLIS,24291
OR_YAMHILL,24290
IA_HOWARD,24286
IA_BLACKHAWK,24273
IA_LOUISA,24272
MT_BROADWATER,24270
IN_WELLS,24269
NC_CRAVEN,24260
MT_JUDITHBASIN,24260
UT_RICH,24258
IN_GIBSON,24258
ID_NEZPERCE,24257
TX_BEXAR,24253
TX_ECTOR,24247
MS_FRANKLIN,24234
OR_LANE,24224
NE_PLATTE,24219
IL_ADAMS,24217
SD_MARSHALL,24205
IA_WEBSTER,24203
KS_WABAUNSEE,24199
CO_ADAMS,24195
PA_WYOMINGCOUNTY,24195
PA_ERIE,24189
FL_LAKE,24183
PA_WARREN,24179
OK_GARFIELD,24177
KS_RUSH,24175
IL_JASPER,24174
NY_SCHUYLER,24173
TX_LEON,24170
GA_PAULDING,24168
NY_WASHINGTONCOUNTY,24168
SC_BERKELEY,24165
NY_OTSEGO,24165
VA_ALLEGHANY,24162
KY_ANDERSON,24161
OH_MERCER,24157
UT_KANE,24154
SD_CAMPBELL,24152
KY_HARDIN,24147
MI_ALLEGAN,24140
IA_CHICKASAW,24139
KY_MERCER,24138
MN_PIPESTONE,24137
MO_HOLT,24127
IN_MARION,24124
NE_HOLT,24120
KS_JACKSON,24117
IA_MARSHALL,24117
LA_TERREBONNE,24114
MN_ROCK,24101
IL_WABASH,24096
WI_ROCK,24094
TX_THROCKMORTON,24086
IN_FRANKLIN,24085
MN_ITASCA,24079
MO_CARROLL,24073
IN_HOWARD,24071
TX_GREGG,24064
TX_STONEWALL,24063
CO_HUERFANO,24058
WV_WOOD,24042
WY_FREMONT,24037
OH_SHELBY,24028
KS_KINGMAN,24026
SD_BEADLE,24025
OH_MADISON,24014
MI_BERRIEN,24013
PA_WAYNE,24005
TX_GRAYSON,24003
SC_HORRY,24002
ID_LEMHI,23998
TX_BOSQUE,23992
KY_OWEN,23991
VA_PULASKI,23987
NY_LIVINGSTON,23978
IN_STEUBEN,23975
OH_MAHONING,23975
FL_VOLUSIA,23973
OR_CURRY,23972
TX_HANSFORD,23969
ID_CUSTER,23965
OK_BECKHAM,23959
MT_TREASURE,23948
TN_ROANE,23936
IN_LAKE,23918
IL_CHRISTIAN,23915
MT_CUSTER,23910
MI_LAPEER,23907
SC_OCONEE,23904
KS_DICKINSON,23895
ME_PENOBSCOT,23895
WA_PACIFIC,23888
OH_LUCAS,23885
MS_JACKSON,23879
OH_KNOX,23878
NE_CLAY,23876
PA_BLAIR,23875
AL_ST.CLAIR,23872
TX_CROCKETT,23872
VA_KINGANDQUEEN,23868
IL_GALLATIN,23862
AL_ELMORE,23856
KY_WARREN,23853
OH_PICKAWAY,23851
TN_SULLIVAN,23850
NY_FULTON,23839
NE_GREELEY,23833
OR_GRANT,23828
WA_COLUMBIA,23814
OK_WASHITA,23811
TN_ROBERTSON,23809
WA_WALLAWALLA,23809
NC_PERQUIMANS,23809
WI_SAWYER,23809
UT_UINTAH,23805
KS_WICHITA,23799
MI_BAY,23799
IA_TAYLOR,23793
MI_MARQUETTE,23789
IA_MAHASKA,23788
TN_BLOUNT,23788
CA_BUTTE,23787
IL_MOULTRIE,23786
VA_DINWIDDIE,23781
IL_KANKAKEE,23779
KS_HARVEY,23775
TX_LUBBOCK,23773
KS_PHILLIPS,23772
NE_DIXON,23769
KS_ROOKS,23768
AL_MORGAN,23764
NC_TRANSYLVANIA,23757
MN_MORRISON,23753
NE_COLFAX,23751
MO_CAPEGIRARDEAU,23751
NE_HAYES,23749
LA_POINTECOUPEE,23742
PA_ELK,23738
FL_PASCO,23736
IL_DOUGLAS,23732
NC_PAMLICO,23724
WI_PRICE,23723
TX_DEWITT,23720
IL_HANCOCK,23714
TX_TOMGREEN,23712
IA_ADAMS,23707
MN_NORMAN,23707
IL_DEKALB,23696
IN_TIPPECANOE,23691
KS_LINCOLN,23686
NE_NANCE,23684
IA_LYON,23683
PA_COLUMBIA,23681
NY_DELAWARECOUNTY,23677
KS_CHEYENNE,23677
TX_NUECES,23671
CA_SHASTA,23670
PA_BRADFORD,23667
IN_WHITE,23666
PA_ARMSTRONG,23661
IL_SCHUYLER,23656
TX_PALOPINTO,23655
CO_CHEYENNE,23647
WV_CABELL,23647
GA_HALL,23645
IN_SPENCER,23641
MO_LAFAYETTE,23637
VA_APPOMATTOX,23636
TX_WINKLER,23629
GA_DOUGLAS,23626
SD_FALLRIVER,23624
IL_RICHLAND,23621
AZ_COCHISE,23608
IL_WILLIAMSON,23605
CA_SUTTER,23602
CA_RIVERSIDE,23591
ID_CARIBOU,23586
VT_CALEDONIA,23584
OK_KIOWA,23576
NE_RICHARDSON,23566
MT_SILVERBOW,23562
UT_GRAND,23558
WA_COWLITZ,23557
WI_MARINETTE,23555
NE_HITCHCOCK,23554
VA_MONTGOMERY,23548
CO_MONTEZUMA,23548
KY_NELSON,23545
WA_MASON,23542
CA_HUMBOLDT,23540
NC_PENDER,23526
MO_GREENE,23520
OK_CIMARRON,23514
AL_LAUDERDALE,23510
IN_ST.JOSEPH,23509
MT_GOLDENVALLEY,23508
AL_LEE,23506
SD_AURORA,23504
OK_GRADY,23500
WI_SHAWANO,23500
IA_PAGE,23496
OH_WASHINGTONCOUNTY,23496
ND_PIERCE,23491
WI_MARQUETTE,23490
VA_GILES,23485
WI_LAFAYETTE,23483
WY_GOSHEN,23475
VA_NORTHAMPTON,23473
IA_CLARKE,23472
GA_ROCKDALE,23461
TN_CHEATHAM,23459
WI_MONROE,23456
MN_COTTONWOOD,23456
FL_ESCAMBIA,23441
MO_PERRY,23435
TX_LAMPASAS,23423
MN_WINONA,23421
TX_JACKSON,23418
NY_HERKIMER,23418
NY_MONTGOMERY,23417
MI_CHEBOYGAN,23412
UT_DUCHESNE,23411
IN_RUSH,23396
IA_FAYETTE,23391
TX_MATAGORDA,23389
TX_HUTCHINSON,23383
TX_OCHILTREE,23382
AZ_COCONINO,23382
KS_RENO,23382
TX_CALHOUN,23381
NE_HALL,23380
AL_COFFEE,23380
SD_JONES,23377
OH_PREBLE,23374
TX_SANPATRICIO,23373
IL_EDGAR,23368
OH_CHAMPAIGN,23358
IL_STEPHENSON,23350
OH_HENRY,23347
KY_MASON,23347
WI_JUNEAU,23343
TX_BASTROP,23342
WI_BARRON,23337
IA_RINGGOLD,23324
WI_IRON,23324
NE_REDWILLOW,23320
AL_HOUSTON,23316
WV_HARRISON,23309
TN_MOORE,23307
CA_MENDOCINO,23306
MO_RALLS,23299
VA_ROANOKECITY,23295
FL_ST.LUCIE,23285
TN_MADISON,23283
SD_TRIPP,23270
IA_WOODBURY,23269
NE_GOSPER,23266
AR_WASHINGTONCOUNTY,23264
OK_CUSTER,23261
WV_HANCOCK,23261
MN_REDLAKE,23257
GA_JACKSON,23247
IN_HARRISON,23244
KS_STAFFORD,23240
AR_GRANT,23239
TX_HARRISON,23236
TX_JEFFERSON,23236
OR_BAKER,23234
KS_KIOWA,23232
NC_CATAWBA,23232
VA_CAMPBELL,23231
KS_PAWNEE,23230
WV_MARION,23229
NE_VALLEY,23227
AR_SEBASTIAN,23222
ID_BONNER,23221
NE_SCOTTSBLUFF,23220
VA_WYTHE,23219
AR_LONOKE,23218
NC_MACON,23213
WV_NICHOLAS,23209
PA_FULTON,23201
IL_MASON,23199
SD_HANSON,23197
IL_BOND,23195
MI_MASON,23183
NY_CORTLAND,23179
TX_REFUGIO,23174
FL_MIAMI-DADE,23174
MO_CALLAWAY,23171
AR_GARLAND,23170
WA_PENDOREILLE,23167
NC_ALAMANCE,23166
MT_TOOLE,23162
NE_BOYD,23157
FL_CITRUS,23148
NV_MINERAL,23146
TX_TAYLOR,23141
VA_PORTSMOUTHCITY,23138
AR_CRAIGHEAD,23138
KS_JEWELL,23134
NE_STANTON,23131
OR_WALLOWA,23131
TX_WOOD,23129
VA_WILLIAMSBURGCITY,23127
NY_OSWEGO,23126
SD_DAY,23126
KY_PENDLETON,23122
NY_SENECA,23115
UT_WEBER,23106
SD_BROOKINGS,23105
KS_TREGO,23095
PA_SNYDER,23088
NY_JEFFERSON,23078
TX_WASHINGTONCOUNTY,23070
IL_SHELBY,23069
SD_FAULK,23069
KS_RICE,23068
NC_CUMBERLAND,23067
TX_HAMILTON,23067
IN_FOUNTAIN,23063
OH_WAYNE,23061
TN_TIPTON,23054
IN_BENTON,23049
MO_ST.LOUISCITY,23048
AR_ARKANSASCOUNTY,23045
AR_CLEBURNE,23044
SD_GREGORY,23041
OK_STEPHENS,23038
MO_CAMDEN,23038
WI_TAYLOR,23032
IN_MONROE,23032
NC_PITT,23029
SC_CALHOUN,23023
MI_ROSCOMMON,23023
MT_MUSSELSHELL,23022
PA_SCHUYLKILL,23021
IA_UNION,23007
LA_IBERIA,22997
PA_LYCOMING,22987
KS_FRANKLIN,22979
MI_CALHOUN,22978
WI_LANGLADE,22974
KS_SUMNER,22972
MO_WORTH,22967
MO_STODDARD,22967
KY_DAVIESS,22963
TX_UPTON,22953
IL_CUMBERLAND,22952
KS_RILEY,22948
NY_LEWIS,22942
KS_NORTON,22942
PA_INDIANACOUNTY,22933
OK_JACKSON,22925
PA_SULLIVAN,22923
MO_STE.GENEVIEVE,22921
TX_BOWIE,22911
MO_COOPER,22910
PA_LAWRENCE,22906
TX_WICHITA,22837
CA_TRINITY,22905
IA_BUENAVISTA,22899
CO_MONTROSE,22897
KY_BOURBON,22893
MN_MILLELACS,22891
MT_PHILLIPS,22890
GA_MONROE,22888
WI_WAUSHARA,22888
NC_NASH,22880
CO_DOLORES,22880
NV_LINCOLN,22879
OH_LOGAN,22878
TX_FREESTONE,22876
IN_VERMILLION,22875
VA_WAYNESBOROCITY,22872
MT_BEAVERHEAD,22872
MT_RAVALLI,22872
IA_MONTGOMERY,22868
TX_SCURRY,22860
TX_BELL,22857
GA_MUSCOGEE,22856
TX_CALLAHAN,22855
ME_WALDO,22853
IN_LAPORTE,22852
TX_COLLINGSWORTH,22847
OR_WASCO,22844
WI_BURNETT,22843
PA_MERCER,22831
IN_DEKALB,22827
GA_WALTON,22824
KS_HARPER,22820
IN_MARTIN,22817
WV_BROOKE,22815
UT_DAGGETT,22811
OH_SANDUSKY,22799
NE_LOGAN,22799
MT_TETON,22799
WA_KITTITAS,22796
OH_VANWERT,22790
KS_ELLSWORTH,22789
MI_PRESQUEISLE,22788
LA_CALDWELL,22782
OH_CLARK,22780
WI_RICHLAND,22778
TN_MAURY,22766
NM_GRANT,22755
IA_CRAWFORD,22748
PA_CAMERON,22747
KY_HENDERSON,22746
NC_PASQUOTANK,22745
MT_SWEETGRASS,22743
MI_CASS,22743
OH_DEFIANCE,22739
NC_YADKIN,22726
MI_ALCONA,22719
OH_PAULDING,22714
MT_PETROLEUM,22714
KS_DONIPHAN,22713
MI_SHIAWASSEE,22713
TX_FISHER,22709
VA_ACCOMACK,22703
MI_MANISTEE,22702
GA_CAMDEN,22701
NY_WYOMINGCOUNTY,22700
IA_WAPELLO,22699
VA_NORTONCITY,22699
IA_HENRY,22687
KY_HANCOCK,22686
AL_DALE,22685
OR_UNION,22684
WI_VERNON,22680
IN_MONTGOMERY,22679
MS_HARRISON,22677
OK_HARPER,22675
SD_ROBERTS,22670
PA_CAMBRIA,22659
NC_GASTON,22658
ID_BONNEVILLE,22657
TX_MILLS,22651
IA_LEE,22649
SC_KERSHAW,22638
AL_TUSCALOOSA,22637
MO_OSAGE,22629
MI_MACKINAC,22622
MS_HANCOCK,22621
PA_TIOGA,22621
KS_WASHINGTONCOUNTY,22621
IL_JEFFERSON,22620
MI_JACKSON,22613
OK_LATIMER,22603
IN_HUNTINGTON,22601
VA_SURRY,22600
MN_NOBLES,22598
SD_MCPHERSON,22596
CA_SANJOAQUIN,22589
LA_VERMILION,22589
CO_LOGAN,22581
VA_AMHERST,22580
IN_JACKSON,22568
OH_TRUMBULL,22568
PA_POTTER,22564
NE_SHERIDAN,22551
NC_DAVIDSON,22549
WI_CRAWFORD,22549
NE_MORRILL,22543
WV_JACKSON,22527
IL_WAYNE,22526
NJ_CUMBERLAND,22524
TX_OLDHAM,22519
OH_DARKE,22511
LA_BEAUREGARD,22509
AL_MOBILE,22501
WI_DUNN,22499
CO_YUMA,22498
OK_ALFALFA,22488
NM_LEA,22484
TX_UPSHUR,22483
CO_KIOWA,22482
LA_LASALLE,22481
PA_NORTHUMBERLAND,22478
MI_DELTA,22471
WA_DOUGLAS,22467
OR_TILLAMOOK,22452
NE_NUCKOLLS,22448
ID_TETON,22436
WI_FLORENCE,22434
VA_SOUTHAMPTON,22433
SC_FLORENCE,22432
PA_MCKEAN,22426
TX_MEDINA,22413
TX_WALLER,22412
NC_JOHNSTON,22410
TN_FRANKLIN,22398
MI_LENAWEE,22395
KS_LABETTE,22394
MO_HENRY,22394
MN_TODD,22383
OH_WYANDOT,22382
KY_MARSHALL,22381
OK_PONTOTOC,22381
TN_MONTGOMERY,22380
MI_GENESEE,22380
OH_BELMONT,22380
KS_MORTON,22378
IL_HARDIN,22366
OK_COMANCHE,22363
MS_WARREN,22362
VA_PAGE,22355
OK_OSAGE,22353
MI_SAGINAW,22349
TX_HUNT,22341
MO_NEWTON,22341
WA_WAHKIAKUM,22334
MI_MENOMINEE,22331
OK_CREEK,22327
OH_JEFFERSON,22324
ID_LATAH,22322
VA_BEDFORDCITY,22322
IL_FULTON,22318
CO_BACA,22318
WV_MORGAN,22312
MI_WAYNE,22308
IL_GREENE,22307
VT_ORLEANS,22303
NC_GRANVILLE,22295
OH_ALLEN,22295
CA_SISKIYOU,22293
KS_KEARNY,22292
TX_CRANE,22291
MN_KANABEC,22291
KS_GREENWOOD,22280
IL_CLAY,22279
PA_PHILADELPHIA,22279
TX_WARD,22278
KS_MARION,22269
GA_RABUN,22260
PA_UNION,22259
PA_BEDFORD,22259
OH_HURON,22257
IL_CASS,22257
MT_PONDERA,22256
NY_ORLEANS,22255
UT_TOOELE,22252
KY_BOYLE,22249
SD_HARDING,22247
IN_PIKE,22245
IA_KEOKUK,22243
TN_SEVIER,22242
OR_COOS,22239
TN_HENRY,22239
IN_GREENE,22235
MT_ROSEBUD,22229
WA_KLICKITAT,22229
LA_SABINE,22229
OH_MORROW,22228
TX_HASKELL,22223
WA_LEWIS,22212
IA_DAVIS,22210
OK_KAY,22207
AZ_LAPAZ,22200
NY_ST.LAWRENCE,22198
WI_ADAMS,22196
PA_SOMERSET,22192
GA_PIKE,22191
TN_HUMPHREYS,22183
CO_LASANIMAS,22180
IN_LAWRENCE,22169
NY_CHAUTAUQUA,22168
LA_ST.MARTIN,22164
AR_BOONE,22160
MN_CLEARWATER,22157
GA_UNION,22156
SC_MCCORMICK,22150
CA_GLENN,22148
KS_ANDERSON,22139
KY_HOPKINS,22132
IA_WAYNE,22127
LA_RAPIDES,22126
KY_LYON,22123
MI_HURON,22120
LA_EASTFELICIANA,22099
NY_CHENANGO,22097
IL_KNOX,22093
NE_GARFIELD,22092
ME_FRANKLIN,22083
SC_ANDERSON,22081
NC_CLAY,22081
OH_SENECA,22075
AL_MARENGO,22072
KY_TRIMBLE,22070
NE_FURNAS,22068
OK_TEXASCOUNTY,22064
MO_LINCOLN,22063
PA_VENANGO,22060
IN_RIPLEY,22059
GA_WHITE,22059
OR_LAKE,22056
MT_DEERLODGE,22052
NY_CATTARAUGUS,22049
IL_MASSAC,22047
AR_PERRY,22047
MI_IOSCO,22047
IN_DECATUR,22046
KY_GREENUP,22035
AL_CHEROKEE,22030
OH_CLINTON,22026
MO_MARIES,22026
TX_EDWARDS,22015
OR_MARION,22001
TX_HENDERSON,21995
FL_MARION,21992
KS_MEADE,21990
UT_GARFIELD,21989
WA_STEVENS,21986
TX_HOCKLEY,21984
IL_RANDOLPH,21976
IL_COLES,21970
OH_TUSCARAWAS,21966
OK_PITTSBURG,21966
MO_BUCHANAN,21961
IL_HAMILTON,21960
MI_ALPENA,21948
OK_NOBLE,21947
TX_RAINS,21946
TN_PICKETT,21942
OH_ASHLAND,21940
CO_PUEBLO,21940
TX_SHERMAN,21936
IN_MARSHALL,21933
OH_RICHLAND,21932
SD_BRULE,21928
AL_HENRY,21924
KY_HENRY,21923
TX_VANZANDT,21920
LA_OUACHITA,21917
KS_ATCHISON,21909
MO_MARION,21909
TX_DONLEY,21904
MN_LAKEOFTHEWOODS,21903
PA_CLARION,21902
IN_NOBLE,21889
SC_SPARTANBURG,21889
OK_LINCOLN,21888
IL_MARION,21887
PA_CLINTON,21875
OK_MURRAY,21870
OR_DOUGLAS,21870
NC_WATAUGA,21854
ID_BEARLAKE,21853
WV_WIRT,21852
CO_KITCARSON,21850
WI_JACKSON,21849
NE_BROWN,21843
NV_NYE,21838
WV_RALEIGH,21837
IL_WARREN,21832
MO_GASCONADE,21830
ID_CAMAS,21830
WA_GRAYSHARBOR,21828
PA_GREENE,21819
ME_PISCATAQUIS,21818
VA_FLOYD,21816
TN_LINCOLN,21811
KY_MADISON,21800
MS_LEE,21799
FL_WAKULLA,21797
AR_WHITE,21793
OR_JOSEPHINE,21791
OH_CARROLL,21783
KS_CHASE,21775
KS_WOODSON,21774
VA_GALAXCITY,21769
NV_LYON,21757
SD_BUTTE,21744
LA_ASSUMPTION,21743
PA_CRAWFORD,21741
TX_GRAY,21738
MT_CHOUTEAU,21737
MO_STONE,21733
MI_VANBUREN,21732
LA_WESTFELICIANA,21720
UT_BOXELDER,21720
TX_BRAZOS,21720
WV_GREENBRIER,21720
IL_UNION,21719
MT_LINCOLN,21719
KS_STANTON,21712
TX_ROBERTSON,21709
WI_GRANT,21705
TN_STEWART,21701
IN_CASS,21700
GA_CATOOSA,21690
GA_DADE,21690
TX_ERATH,21670
CA_STANISLAUS,21663
TX_MCLENNAN,21660
TX_FLOYD,21655
WV_WETZEL,21653
TN_BRADLEY,21649
IN_PULASKI,21641
TX_RUSK,21640
TX_LYNN,21639
NC_BEAUFORT,21636
KS_FINNEY,21629
PA_JUNIATA,21628
WV_BOONE,21627
MN_BELTRAMI,21622
AK_LAKEANDPENINSULA,21616
TX_HOPKINS,21606
TN_DEKALB,21606
IA_APPANOOSE,21599
MO_HOWARD,21598
NC_AVERY,21598
IL_SALINE,21596
OR_JEFFERSON,21593
IN_RANDOLPH,21592
SC_NEWBERRY,21591
MI_ONTONAGON,21585
VA_PITTSYLVANIA,21583
CA_COLUSA,21579
NY_FRANKLIN,21575
OH_COLUMBIANA,21575
TX_GAINES,21572
AL_COLBERT,21572
ME_AROOSTOOK,21566
NC_WAYNE,21557
ID_ADAMS,21555
IN_CLINTON,21554
MO_JOHNSON,21547
TN_DICKSON,21547
LA_DESOTO,21547
VA_CUMBERLAND,21540
CA_LAKE,21537
CO_SEDGWICK,21536
VA_ESSEX,21532
TX_BURLESON,21529
IN_MADISON,21527
IN_JEFFERSON,21524
IL_FAYETTE,21523
MT_LAKE,21521
IN_PUTNAM,21520
KS_COWLEY,21519
ME_SOMERSET,21513
OR_LINN,21500
KY_CARLISLE,21500
NE_LOUP,21499
MI_IRON,21499
AK_DILLINGHAMCENSUSAREA,21498
VA_CRAIG,21498
MI_CRAWFORD,21492
KY_CALLOWAY,21490
OR_KLAMATH,21489
OH_MONROE,21487
VA_SCOTT,21485
GA_NEWTON,21484
GA_MCINTOSH,21484
MO_CALDWELL,21482
OH_CRAWFORD,21478
OK_CARTER,21476
KS_SHERMAN,21476
IN_CLAY,21474
UT_WASHINGTONCOUNTY,21472
TX_LAMAR,21468
AK_NORTHWESTARCTIC,21461
WV_PRESTON,21457
OK_COTTON,21452
NC_LEE,21449
IL_LOGAN,21445
GA_TROUP,21443
LA_REDRIVER,21443
ME_OXFORD,21441
VA_LYNCHBURGCITY,21440
AL_TALLAPOOSA,21434
KY_HARRISON,21424
NE_WEBSTER,21423
IN_DAVIESS,21416
MN_PINE,21413
FL_HERNANDO,21411
KS_GEARY,21408
NC_MITCHELL,21404
NC_FRANKLIN,21399
TN_MARION,21399
LA_VERNON,21396
TX_YOAKUM,21389
MS_LAFAYETTE,21388
NM_COLFAX,21387
GA_BARROW,21379
MT_HILL,21376
KY_CRITTENDEN,21375
IN_WASHINGTONCOUNTY,21370
IA_VANBUREN,21368
OH_LAWRENCE,21365
VA_TAZEWELL,21358
OH_WILLIAMS,21350
MS_LAUDERDALE,21346
IL_PIKE,21344
AL_CRENSHAW,21343
KY_GARRARD,21341
LA_ST.JOHNTHEBAPTIST,21335
AR_BAXTER,21334
NM_TAOS,21333
CA_SANBERNARDINO,21332
KS_MONTGOMERY,21332
ID_BANNOCK,21327
IN_OWEN,21318
GA_GILMER,21317
LA_ST.MARY,21313
WV_PLEASANTS,21312
NC_STOKES,21311
OH_ROSS,21310
PA_JEFFERSON,21300
GA_JASPER,21297
NC_PERSON,21292
FL_POLK,21285
OK_GARVIN,21285
PA_CLEARFIELD,21273
LA_TANGIPAHOA,21273
TN_HAMBLEN,21261
NM_SANJUAN,21260
NM_CURRY,21259
WV_PENDLETON,21253
TX_MILAM,21248
KS_CHAUTAUQUA,21245
TX_BROWN,21236
GA_CARROLL,21227
IN_FULTON,21226
IL_VERMILION,21225
OK_PAWNEE,21220
MO_NEWMADRID,21215
MD_ALLEGANY,21211
TN_DYER,21208
WA_WHITMAN,21208
OH_BROWN,21206
IN_WABASH,21201
TX_TERRY,21201
CA_MODOC,21200
IN_VIGO,21192
NC_GATES,21187
FL_JEFFERSON,21184
SC_PICKENS,21182
TX_HILL,21182
LA_IBERVILLE,21177
WV_LEWIS,21175
MO_PHELPS,21173
OH_GALLIA,21168
KS_NEOSHO,21163
TN_SMITH,21153
TN_CUMBERLAND,21141
NE_DAWES,21137
LA_JEFFERSONDAVIS,21132
IA_LUCAS,21126
WV_TUCKER,21126
TX_SHELBY,21126
TX_EASTLAND,21125
MO_JASPER,21124
WI_ASHLAND,21115
IN_WAYNE,21114
IN_ELKHART,21109
OK_DELAWARECOUNTY,21109
NC_ROCKINGHAM,21102
TX_COTTLE,21089
NC_ONSLOW,21084
MS_GRENADA,21084
SC_GREENWOOD,21053
IN_KNOX,21047
MO_BATES,21047
KS_BROWN,21046
KS_COMANCHE,21041
OH_HOCKING,21037
OH_HARRISON,21029
OH_MORGAN,21027
GA_BARTOW,21022
TX_LIVEOAK,21016
MO_LINN,21015
NC_JACKSON,21014
MO_LIVINGSTON,21011
WI_RUSK,21004
SC_LANCASTER,21003
ID_BUTTE,20995
MO_MONTGOMERY,20991
TX_ANGELINA,20982
GA_BIBB,20982
NY_ALLEGANY,20978
KS_CRAWFORD,20974
NC_WILSON,20972
MS_LOWNDES,20951
MO_KNOX,20946
SD_BONHOMME,20941
OK_POTTAWATOMIE,20937
IN_PERRY,20934
VA_HALIFAX,20929
KY_BRACKEN,20918
NC_ROWAN,20912
AZ_PINAL,20910
GA_LUMPKIN,20908
TN_OBION,20900
TN_SEQUATCHIE,20899
KY_MEADE,20898
IL_EDWARDS,20898
MI_SCHOOLCRAFT,20892
VT_ESSEX,20887
PA_FAYETTE,20884
IN_UNION,20883
OR_CROOK,20883
VA_RICHMONDCOUNTY,20875
OK_PAYNE,20868
GA_WALKER,20865
OR_HARNEY,20865
MO_PULASKI,20863
NV_ESMERALDA,20862
TX_MARTIN,20859
IN_DELAWARECOUNTY,20854
WV_TAYLOR,20848
NC_ASHE,20838
VA_SMYTH,20837
OR_UMATILLA,20836
AZ_MOHAVE,20833
AL_CALHOUN,20828
MO_SCOTT,20825
ME_WASHINGTONCOUNTY,20807
LA_NATCHITOCHES,20802
PA_MIFFLIN,20794
AZ_GILA,20792
GA_LIBERTY,20791
OH_MUSKINGUM,20775
UT_UTAHCOUNTY,20774
MI_TUSCOLA,20767
AL_CULLMAN,20760
WI_CLARK,20754
SC_EDGEFIELD,20753
KY_GRAVES,20746
CO_COSTILLA,20742
PA_HUNTINGDON,20739
TN_MARSHALL,20739
NE_HOOKER,20737
WA_OKANOGAN,20735
AL_BLOUNT,20730
CO_SAGUACHE,20726
CO_PHILLIPS,20720
AR_UNION,20718
MI_SANILAC,20713
WV_TYLER,20704
AL_CHILTON,20701
AL_WALKER,20698
TX_BRISCOE,20697
CO_MORGAN,20680
MO_BARTON,20678
TX_MCCULLOCH,20677
KY_PULASKI,20667
OR_MORROW,20663
TN_HAWKINS,20662
MS_LAWRENCE,20655
ID_ELMORE,20646
MT_PRAIRIE,20644
GA_LINCOLN,20641
AR_CARROLL,20637
AR_MILLER,20636
LA_LINCOLN,20633
OH_MARION,20624
MI_NEWAYGO,20623
AR_CLEVELAND,20622
WV_MASON,20622
MI_MUSKEGON,20621
TN_JEFFERSON,20619
NM_CATRON,20616
WV_MINGO,20609
OH_FAYETTE,20603
SD_CLAY,20595
VA_GRAYSON,20591
MI_CHIPPEWA,20589
ID_TWINFALLS,20588
SD_LYMAN,20586
OK_MAYES,20585
TX_DICKENS,20578
MI_WEXFORD,20573
MI_ST.JOSEPH,20570
TN_CANNON,20566
CO_RIOGRANDE,20557
GA_CRAWFORD,20556
IL_BROWN,20555
KS_ALLEN,20552
MS_PEARLRIVER,20549
NM_MORA,20543
OH_GUERNSEY,20537
TX_STEPHENS,20535
IN_PARKE,20534
MO_GENTRY,20534
IL_JACKSON,20527
OH_COSHOCTON,20526
GA_RICHMOND,20526
OK_BRYAN,20524
NC_RANDOLPH,20523
TN_PUTNAM,20517
AZ_GREENLEE,20516
IN_GRANT,20516
NC_STANLY,20504
IN_CRAWFORD,20504
GA_FLOYD,20500
GA_OGLETHORPE,20493
TN_TROUSDALE,20491
ID_SHOSHONE,20487
AL_JACKSON,20486
IN_SCOTT,20481
IN_MIAMI,20475
KS_CLOUD,20467
WI_FOREST,20462
TX_JIMWELLS,20452
KY_NICHOLAS,20450
TN_HENDERSON,20449
IL_POPE,20448
MS_HINDS,20448
NC_ALEXANDER,20440
CA_TEHAMA,20439
KY_MONTGOMERY,20436
MS_TATE,20431
TX_NEWTON,20431
GA_TOWNS,20419
NE_SALINE,20407
TN_GIBSON,20402
AL_WASHINGTONCOUNTY,20395
IL_FRANKLIN,20394
AL_COVINGTON,20391
WV_MERCER,20391
VA_HOPEWELLCITY,20388
AL_MARSHALL,20382
ID_WASHINGTONCOUNTY,20380
MI_HILLSDALE,20379
TX_WILBARGER,20373
WV_POCAHONTAS,20373
GA_HART,20371
MI_GLADWIN,20368
GA_BUTTS,20363
MO_SCOTLAND,20363
TX_NACOGDOCHES,20362
TN_COFFEE,20357
SC_SUMTER,20340
TX_FANNIN,20337
KY_WEBSTER,20337
TX_MARION,20337
MS_SMITH,20334
MO_MONROE,20331
MI_GOGEBIC,20330
MN_WADENA,20329
TX_NAVARRO,20327
KY_CALDWELL,20327
AL_CHOCTAW,20323
IN_BLACKFORD,20322
KS_ELK,20322
SD_JACKSON,20319
LA_ST.BERNARD,20316
NC_HARNETT,20310
TX_WHARTON,20310
IN_HENRY,20309
TX_GRIMES,20307
MI_MISSAUKEE,20305
CA_KERN,20295
WV_MONROE,20294
AR_INDEPENDENCE,20289
TX_GONZALES,20288
MT_MEAGHER,20288
MO_CLARK,20279
TN_POLK,20274
AK_NOMECENSUSAREA,20271
MI_KALKASKA,20258
NC_YANCEY,20257
SC_FAIRFIELD,20257
ID_CLEARWATER,20256
TX_JASPER,20254
ID_GEM,20250
TX_CHILDRESS,20248
TX_PECOS,20245
OK_BLAINE,20242
TX_RUNNELS,20235
GA_BANKS,20231
MO_TANEY,20231
NC_SURRY,20219
MS_GEORGE,20217
CA_FRESNO,20208
MI_IONIA,20206
AL_ETOWAH,20204
TX_FOARD,20202
MS_OKTIBBEHA,20202
AL_GENEVA,20199
ID_BENEWAH,20198
TX_ATASCOSA,20193
WV_GRANT,20193
AL_LAWRENCE,20181
TX_DUVAL,20181
FL_GILCHRIST,20180
NE_DAKOTA,20179
MO_MERCER,20178
IN_ADAMS,20160
VA_COVINGTONCITY,20160
TX_STERLING,20157
GA_BLECKLEY,20156
UT_CARBON,20155
TN_UNICOI,20152
TX_DELTA,20150
NE_DAWSON,20142
UT_EMERY,20137
TN_HARDIN,20127
IN_JENNINGS,20109
SC_DARLINGTON,20105
NC_JONES,20105
TX_CASS,20104
UT_CACHE,20074
FL_HIGHLANDS,20072
OH_PIKE,20071
NC_CLEVELAND,20062
VA_MECKLENBURG,20056
MO_MACON,20054
WA_FERRY,20052
TX_MORRIS,20045
GA_CHATTAHOOCHEE,20042
IL_MCDONOUGH,20042
AR_CONWAY,20040
MI_ARENAC,20039
MO_DADE,20034
ID_CLARK,20032
IN_SWITZERLAND,20019
NM_RIOARRIBA,20014
OH_ASHTABULA,20011
KY_MUHLENBERG,20008
GA_PIERCE,20001
TN_GILES,19998
KS_FORD,19994
KY_MCLEAN,19984
GA_THOMAS,19983
TX_CONCHO,19976
UT_MILLARD,19972
LA_CATAHOULA,19970
NE_GRANT,19968
OK_JOHNSTON,19967
TX_HOWARD,19965
MO_WEBSTER,19955
MI_BRANCH,19947
GA_MADISON,19939
CA_LASSEN,19931
KS_WILSON,19929
KY_LAUREL,19923
AR_POPE,19918
IL_MONTGOMERY,19917
OK_LOVE,19910
LA_ACADIA,19910
ID_LEWIS,19910
NC_MADISON,19902
WV_LOGAN,19901
VA_MARTINSVILLECITY,19900
TX_KARNES,19899
MO_DAVIESS,19890
AR_LITTLERIVER,19880
NM_OTERO,19880
ID_BOUNDARY,19877
LA_WEBSTER,19871
OK_MUSKOGEE,19868
IL_PULASKI,19867
TX_POTTER,19861
MT_MINERAL,19859
UT_WAYNE,19858
FL_BAKER,19852
VA_HENRY,19852
FL_FRANKLIN,19843
KY_WASHINGTONCOUNTY,19837
AL_RANDOLPH,19830
KY_GRANT,19829
TX_HARDEMAN,19829
AR_DESHA,19822
IN_SULLIVAN,19821
OK_CRAIG,19820
TN_GREENE,19801
KY_LIVINGSTON,19795
GA_HARALSON,19789
KS_LYON,19789
WV_MINERAL,19788
GA_SPALDING,19783
MI_HOUGHTON,19783
NC_GRAHAM,19780
IN_STARKE,19773
KY_CHRISTIAN,19773
TX_MOORE,19770
AR_ASHLEY,19761
NC_LENOIR,19760
OK_OKMULGEE,19753
TX_DALLAM,19752
OK_COAL,19752
KY_BARREN,19745
TN_MCMINN,19744
TX_LIBERTY,19740
WA_GRANT,19738
MT_POWELL,19736
MS_FORREST,19736
VA_RUSSELL,19735
MO_VERNON,19734
AK_YUKON-KOYUKUKCENSUSAREA,19729
SC_SALUDA,19725
MI_ALGER,19717
MO_BENTON,19717
IL_PERRY,19716
AL_PIKE,19715
VA_EMPORIACITY,19710
MO_PETTIS,19709
TX_CASTRO,19708
CO_LINCOLN,19703
NC_BURKE,19701
MO_AUDRAIN,19687
AL_RUSSELL,19678
GA_MILLER,19674
TX_CALDWELL,19673
AR_CRITTENDEN,19665
MI_MONTMORENCY,19661
AR_GREENE,19652
TN_MONROE,19643
GA_APPLING,19643
MI_OGEMAW,19634
OH_HARDIN,19626
NC_SWAIN,19626
VA_DANVILLECITY,19626
NM_VALENCIA,19623
TX_TYLER,19612
KY_LARUE,19611
ID_JEFFERSON,19598
ID_MINIDOKA,19597
WV_RANDOLPH,19595
VA_FRANKLINCITY,19588
OK_MARSHALL,19583
KS_CHEROKEE,19580
AL_MARION,19576
MS_LINCOLN,19566
NM_DOÃ‘AANA,19565
MO_LACLEDE,19553
NC_RUTHERFORD,19551
TN_WEAKLEY,19547
TN_WARREN,19531
MO_GRUNDY,19527
MS_JONES,19519
MN_MAHNOMEN,19517
MO_POLK,19511
NC_ALLEGHANY,19510
WA_FRANKLIN,19503
WV_UPSHUR,19498
TX_POLK,19498
GA_WHITFIELD,19497
WV_WAYNE,19497
NM_CHAVES,19492
MO_BARRY,19489
CO_ALAMOSA,19487
MO_CHARITON,19481
KY_EDMONSON,19481
NC_SAMPSON,19479
AR_CRAWFORD,19477
ID_FREMONT,19475
MO_BOLLINGER,19470
MO_HARRISON,19468
KY_UNION,19464
LA_ST.HELENA,19457
MO_MONITEAU,19451
TN_VANBUREN,19450
KY_JOHNSON,19445
KY_SIMPSON,19441
AR_COLUMBIA,19439
OH_SCIOTO,19437
NE_JOHNSON,19435
WA_YAKIMA,19433
GA_PEACH,19431
KY_CARROLL,19429
UT_BEAVER,19415
LA_UNION,19412
GA_TREUTLEN,19410
AL_TALLADEGA,19410
GA_BROOKS,19409
OH_JACKSON,19405
TN_MEIGS,19403
MO_PUTNAM,19397
TX_KNOX,19396
LA_ST.LANDRY,19387
AR_BRADLEY,19386
MO_MILLER,19385
VA_CARROLL,19385
OH_PERRY,19372
AR_JOHNSON,19366
TX_CORYELL,19357
IN_LAGRANGE,19356
TX_TITUS,19356
AR_JEFFERSON,19353
TX_LIMESTONE,19352
KY_PIKE,19351
OH_HIGHLAND,19348
KS_BOURBON,19340
VA_NOTTOWAY,19337
MI_MECOSTA,19336
SC_HAMPTON,19332
MO_SHELBY,19331
AR_FULTON,19326
MO_LEWIS,19317
FL_COLUMBIA,19306
TX_PARMER,19304
KY_FLEMING,19304
TN_BEDFORD,19303
GA_CLARKE,19295
KY_HICKMAN,19292
AL_CHAMBERS,19291
AR_HOTSPRING,19286
MO_SULLIVAN,19279
NC_COLUMBUS,19275
MS_UNION,19273
TX_COMANCHE,19268
MO_ADAIR,19258
OK_NOWATA,19256
MO_BUTLER,19246
CA_YUBA,19244
NC_CHOWAN,19240
IN_JAY,19236
NC_CALDWELL,19228
TX_JIMHOGG,19212
KY_CARTER,19204
LA_JACKSON,19188
MT_SANDERS,19188
GA_GORDON,19177
TX_CAMP,19176
ID_IDAHOCOUNTY,19168
ID_PAYETTE,19165
GA_FANNIN,19164
NC_BLADEN,19154
SC_LAURENS,19153
MS_ALCORN,19145
KY_LOGAN,19143
NE_BLAINE,19141
TN_LAWRENCE,19136
AR_FRANKLIN,19135
AR_POLK,19116
UT_SEVIER,19115
KY_GRAYSON,19115
AL_CLEBURNE,19108
VA_WISE,19107
MO_IRON,19101
OK_MCINTOSH,19100
TX_HOUSTON,19090
AR_WOODRUFF,19087
KY_ALLEN,19086
GA_WEBSTER,19082
CO_OTERO,19078
CA_DELNORTE,19072
MI_ISABELLA,19061
MO_LAWRENCE,19060
NC_WARREN,19052
AR_LOGAN,19046
OK_JEFFERSON,19042
GA_SCHLEY,19037
SC_UNION,19037
WV_HARDY,19032
SD_CHARLESMIX,19030
NC_WILKES,19029
AL_LAMAR,19026
AR_MONTGOMERY,19021
KY_GALLATIN,19020
LA_GRANT,19018
TN_CARTER,19018
KS_SEWARD,19015
TX_REDRIVER,19014
FL_OSCEOLA,19007
MO_SALINE,19006
KY_OHIOCOUNTY,19005
TX_HALL,19004
TX_NOLAN,19002
GA_EVANS,18998
AL_WINSTON,18995
MI_OCEANA,18986
AL_CLARKE,18979
AR_OUACHITA,18975
MO_WAYNE,18970
MI_MONTCALM,18969
TX_COLEMAN,18967
GA_HEARD,18964
TX_CROSBY,18959
LA_BIENVILLE,18958
KS_WYANDOTTE,18957
CO_FREMONT,18954
TN_RHEA,18952
CO_PROWERS,18941
VA_PETERSBURGCITY,18936
AR_SCOTT,18934
GA_TIFT,18933
NC_MCDOWELL,18932
MS_WAYNE,18928
ID_ONEIDA,18920
TX_KLEBERG,18918
GA_HABERSHAM,18910
AR_MISSISSIPPICOUNTY,18905
SC_BAMBERG,18902
GA_LOWNDES,18897
OK_HASKELL,18896
AL_FRANKLIN,18888
ID_BINGHAM,18872
AR_RANDOLPH,18871
KY_MARION,18865
NC_MONTGOMERY,18865
MS_NEWTON,18864
SC_BARNWELL,18862
VA_PATRICK,18860
LA_ALLEN,18857
OH_NOBLE,18853
IA_DECATUR,18845
GA_WARE,18842
AZ_YUMA,18840
MI_GRATIOT,18836
GA_ELBERT,18835
TX_MOTLEY,18828
GA_MERIWETHER,18821
VA_BRISTOLCITY,18820
TN_CHESTER,18817
OH_MEIGS,18816
AL_HALE,18812
TX_CHEROKEE,18801
GA_LAMAR,18800
KY_TAYLOR,18790
NC_MARTIN,18783
AR_VANBUREN,18782
NC_WASHINGTONCOUNTY,18779
SC_COLLETON,18769
MI_LUCE,18768
IL_JOHNSON,18763
VA_CHARLOTTE,18762
TX_SABINE,18762
NC_HOKE,18761
IN_FAYETTE,18757
AR_MADISON,18754
MS_YALOBUSHA,18750
TX_LAMB,18744
TX_TRINITY,18730
MS_WEBSTER,18728
MS_WILKINSON,18717
GA_TOOMBS,18716
TN_HAYWOOD,18714
AR_HOWARD,18707
AR_CROSS,18701
AR_NEVADACOUNTY,18695
TX_SANAUGUSTINE,18695
AL_CLAY,18694
MS_NESHOBA,18693
WV_FAYETTE,18685
TX_BAILEY,18676
NM_TORRANCE,18675
LA_RICHLAND,18669
TN_CROCKETT,18664
FL_LAFAYETTE,18660
MO_PIKE,18650
GA_SCREVEN,18640
WV_BRAXTON,18635
AL_BULLOCK,18628
GA_LAURENS,18625
GA_BALDWIN,18622
GA_DOUGHERTY,18619
KY_FULTON,18602
MS_BENTON,18597
GA_COOK,18592
GA_BULLOCH,18587
TN_CLAIBORNE,18583
OK_CHEROKEE,18582
OK_HARMON,18582
MS_STONE,18576
MS_PONTOTOC,18576
IN_ORANGE,18576
GA_BACON,18558
GA_STEPHENS,18557
GA_WORTH,18551
FL_GULF,18546
MO_ST.FRANCOIS,18544
MO_DENT,18544
OK_PUSHMATAHA,18542
TN_HOUSTON,18539
AR_CLAY,18509
VA_BLAND,18501
MS_WINSTON,18501
AK_BETHELCENSUSAREA,18497
TX_ANDERSON,18495
AL_FAYETTE,18494
AL_COOSA,18493
MS_TIPPAH,18493
NM_UNION,18472
WV_LINCOLN,18458
TN_BENTON,18456
VA_BUENAVISTACITY,18453
MO_REYNOLDS,18449
KY_KNOTT,18448
NC_GREENE,18441
FL_SUWANNEE,18431
CA_KINGS,18429
TN_MCNAIRY,18428
MS_ATTALA,18422
MO_CRAWFORD,18415
NC_HYDE,18408
NM_HIDALGO,18392
TN_JACKSON,18387
TN_HICKMAN,18383
TX_ELPASO,18379
WV_WYOMINGCOUNTY,18377
FL_PUTNAM,18377
AR_PIKE,18377
ID_GOODING,18373
AL_LOWNDES,18368
TN_OVERTON,18347
NC_CHEROKEE,18340
MS_TISHOMINGO,18338
GA_POLK,18336
OK_OTTAWA,18331
TN_CARROLL,18330
OK_SEMINOLE,18321
MS_COPIAH,18318
MS_SIMPSON,18314
FL_LEVY,18304
MS_CLAY,18273
OK_HUGHES,18268
TX_MENARD,18253
MO_CARTER,18245
SC_CHEROKEE,18240
OH_ADAMS,18235
GA_FRANKLIN,18234
KY_PERRY,18224
VA_DICKENSON,18215
GA_IRWIN,18207
TN_WHITE,18205
NV_PERSHING,18203
AR_MARION,18188
GA_CRISP,18185
MS_PIKE,18183
CA_MERCED,18177
NY_BRONX,18171
MS_MONROE,18167
ND_BENSON,18162
MO_SCHUYLER,18160
MO_DALLAS,18155
AL_DEKALB,18149
MI_CLARE,18148
OK_LEFLORE,18141
AR_PRAIRIE,18137
KY_BUTLER,18136
SC_ABBEVILLE,18134
OK_SEQUOYAH,18131
MS_MARION,18126
GA_DODGE,18114
UT_JUAB,18108
MS_ITAWAMBA,18106
NM_SOCORRO,18104
KY_BRECKINRIDGE,18101
OH_VINTON,18101
MI_OSCEOLA,18099
SC_CHESTER,18098
GA_RANDOLPH,18094
MO_NODAWAY,18079
MS_JASPER,18075
MS_PANOLA,18073
MS_CLARKE,18066
GA_DECATUR,18059
MI_OSCODA,18057
WV_CALHOUN,18053
AR_IZARD,18040
OK_TILLMAN,18035
LA_EVANGELINE,18023
TX_SANSABA,18009
LA_AVOYELLES,18006
TX_HALE,18004
MO_DUNKLIN,17990
GA_GLASCOCK,17984
KY_GREEN,17984
LA_WESTCARROLL,17980
MS_MARSHALL,17978
GA_UPSON,17978
NC_CASWELL,17975
GA_CANDLER,17974
OK_GREER,17969
KY_LAWRENCE,17960
AR_CLARK,17960
GA_TWIGGS,17952
GA_CLAYTON,17950
NC_HALIFAX,17937
WV_WEBSTER,17937
NM_QUAY,17936
MO_MORGAN,17935
TN_GRAINGER,17933
TX_REAL,17931
NM_SANMIGUEL,17926
GA_MCDUFFIE,17922
NC_NORTHAMPTON,17919
NC_VANCE,17905
CA_TULARE,17894
KY_LETCHER,17886
AR_NEWTON,17884
GA_WARREN,17884
TX_SWISHER,17880
GA_SUMTER,17879
WV_BARBOUR,17876
WV_GILMER,17870
MO_TEXASCOUNTY,17868
TX_VALVERDE,17867
NC_HERTFORD,17863
OK_CADDO,17858
CA_MADERA,17847
KY_TODD,17846
WV_RITCHIE,17843
OK_ATOKA,17842
UT_IRON,17839
GA_CLINCH,17815
UT_SANPETE,17811
ID_CASSIA,17801
FL_OKEECHOBEE,17787
GA_PULASKI,17781
AR_CALHOUN,17763
ID_CANYON,17755
LA_FRANKLIN,17752
NM_SIERRA,17752
TN_LEWIS,17751
FL_BRADFORD,17749
TN_MORGAN,17747
OK_CHOCTAW,17739
LA_WASHINGTONPARISH,17735
WV_HAMPSHIRE,17734
KY_FLOYD,17716
TN_WAYNE,17706
MO_WASHINGTONCOUNTY,17703
MI_BARAGA,17701
KY_CUMBERLAND,17697
SC_ORANGEBURG,17687
ID_POWER,17684
GA_JEFFDAVIS,17684
TX_DAWSON,17677
SC_CLARENDON,17665
AZ_SANTACRUZ,17664
NE_ARTHUR,17656
KY_ROBERTSON,17641
GA_SEMINOLE,17641
VA_LUNENBURG,17630
ID_FRANKLIN,17620
FL_GADSDEN,17615
OK_MCCURTAIN,17615
GA_TURNER,17609
MO_RANDOLPH,17587
GA_EARLY,17579
GA_JENKINS,17565
MS_ADAMS,17544
TX_DEAFSMITH,17532
FL_JACKSON,17525
TX_DIMMIT,17516
GA_WASHINGTONCOUNTY,17515
LA_CLAIBORNE,17512
MO_MCDONALD,17505
VA_BUCHANAN,17489
TX_UVALDE,17479
GA_MARION,17479
NM_ROOSEVELT,17477
TN_COCKE,17476
MT_BLAINE,17437
AL_BIBB,17427
TN_UNION,17426
KY_LINCOLN,17420
WV_SUMMERS,17416
MO_HOWELL,17416
AL_BUTLER,17403
AR_STONE,17403
FL_WASHINGTONCOUNTY,17385
AR_HEMPSTEAD,17376
TX_COCHRAN,17371
KY_ADAIR,17371
MO_HICKORY,17361
SC_JASPER,17350
WV_ROANE,17341
MO_ST.CLAIR,17337
MT_WHEATLAND,17336
WV_DODDRIDGE,17334
MO_MADISON,17316
CO_CONEJOS,17316
KY_HART,17273
GA_WAYNE,17270
GA_LANIER,17264
AL_DALLAS,17245
MS_COVINGTON,17241
NC_RICHMOND,17236
GA_WILKINSON,17228
MO_OZARK,17215
TN_PERRY,17214
AR_LAFAYETTE,17212
VA_PRINCEEDWARD,17208
CO_CROWLEY,17187
MS_PERRY,17183
ID_JEROME,17182
OH_HOLMES,17177
LA_TENSAS,17175
KY_METCALFE,17171
AZ_GRAHAM,17168
VA_BUCKINGHAM,17167
GA_LONG,17158
AL_PICKENS,17153
MS_CHOCTAW,17145
SC_CHESTERFIELD,17140
NC_DUPLIN,17122
TN_SCOTT,17121
GA_WILKES,17120
KY_RUSSELL,17107
NE_THURSTON,17106
GA_CHARLTON,17102
NC_BERTIE,17096
KY_ROWAN,17094
VA_HARRISONBURGCITY,17080
GA_TAYLOR,17078
GA_EMANUEL,17064
AR_DREW,17057
FL_TAYLOR,17045
MS_CALHOUN,17034
GA_COFFEE,17031
GA_COLQUITT,17025
OH_ATHENS,17019
GA_BAKER,17019
TN_MACON,17009
GA_TALBOT,16993
AR_YELL,16992
MS_AMITE,16977
NC_EDGECOMBE,16971
UT_PIUTE,16959
WA_ADAMS,16940
AR_MONROE,16939
GA_BRANTLEY,16938
AR_POINSETT,16919
MS_CARROLL,16897
MT_ROOSEVELT,16888
MO_PEMISCOT,16881
TN_CLAY,16867
MO_SHANNON,16862
FL_DIXIE,16851
MS_WALTHALL,16850
TX_BEE,16848
FL_HOLMES,16845
AR_DALLAS,16838
GA_TERRELL,16836
AR_PHILLIPS,16830
AL_BARBOUR,16829
AL_MACON,16826
TN_CAMPBELL,16812
GA_JOHNSON,16807
KY_CLINTON,16795
MS_SCOTT,16789
LA_WINN,16789
GA_BERRIEN,16784
MS_LEAKE,16780
CA_IMPERIAL,16763
NC_ANSON,16752
MD_SOMERSET,16748
WV_CLAY,16740
AR_SEARCY,16731
AR_SHARP,16714
TX_KINNEY,16700
LA_MOREHOUSE,16683
MS_CHICKASAW,16677
TX_ZAPATA,16671
MS_WASHINGTONCOUNTY,16671
VA_LEE,16664
NC_TYRRELL,16658
KY_MONROE,16656
MO_DEKALB,16635
AZ_NAVAJO,16626
MS_PRENTISS,16589
VA_SUSSEX,16546
AL_ESCAMBIA,16540
AR_CHICOT,16538
SC_MARION,16531
ID_LINCOLN,16530
OK_OKFUSKEE,16528
KY_ROCKCASTLE,16513
TX_FALLS,16486
TN_JOHNSON,16470
MS_BOLIVAR,16462
GA_MONTGOMERY,16460
TN_FENTRESS,16454
GA_MURRAY,16449
KY_ESTILL,16435
LA_CONCORDIA,16431
KY_LESLIE,16424
MO_RIPLEY,16408
MO_DOUGLAS,16404
KY_WAYNE,16396
VA_GREENSVILLE,16380
KY_BATH,16367
MO_CEDAR,16362
OR_MALHEUR,16352
MO_OREGONCOUNTY,16331
TX_WALKER,16330
FL_HAMILTON,16295
SD_BENNETT,16275
FL_LIBERTY,16266
KY_HARLAN,16257
KY_MORGAN,16233
TX_CULBERSON,16227
MS_JEFFERSONDAVIS,16216
MI_LAKE,16202
VA_RADFORDCITY,16181
TX_GARZA,16175
TX_PRESIDIO,16175
GA_BURKE,16171
FL_HENDRY,16133
KY_LEWIS,16132
NM_CIBOLA,16129
NM_LUNA,16114
VA_BRUNSWICK,16060
GA_CHATTOOGA,16045
AR_SEVIER,16021
FL_GLADES,16011
AR_LAWRENCE,15971
KY_WHITLEY,15960
GA_ATKINSON,15958
ID_OWYHEE,15945
KY_MENIFEE,15942
TX_MITCHELL,15936
KY_JACKSON,15880
TX_FRIO,15863
GA_ECHOLS,15861
SD_MELLETTE,15760
TN_LAUDERDALE,15758
AL_MONROE,15749
TN_BLEDSOE,15747
MS_SHARKEY,15744
MS_COAHOMA,15742
GA_GRADY,15734
MT_BIGHORN,15695
GA_MITCHELL,15694
TN_GRUNDY,15683
NC_SCOTLAND,15679
AR_JACKSON,15609
AL_CONECUH,15605
MT_GLACIER,15604
KY_CASEY,15603
SD_DEWEY,15558
MO_MISSISSIPPICOUNTY,15558
MS_TUNICA,15549
FL_MADISON,15538
KY_MARTIN,15525
MS_MONTGOMERY,15523
AR_ST.FRANCIS,15511
ND_ROLETTE,15502
ND_SIOUX,15478
UT_SANJUAN,15476
TX_REEVES,15467
FL_HARDEE,15366
NC_ROBESON,15343
GA_TATTNALL,15280
KY_POWELL,15174
TX_KENEDY,15157
ID_MADISON,15133
TX_MADISON,15131
KY_MAGOFFIN,15118
OK_ADAIR,15116
KY_BELL,15091
FL_DESOTO,15088
CO_BENT,15081
AR_LINCOLN,15023
SC_DILLON,14988
TN_HARDEMAN,14975
AL_GREENE,14930
GA_CALHOUN,14868
SC_WILLIAMSBURG,14845
TX_JONES,14827
VA_LEXINGTONCITY,14763
GA_JEFFERSON,14757
MO_WRIGHT,14752
SC_LEE,14740
WI_MENOMINEE,14710
TX_CAMERON,14710
KY_BREATHITT,14706
FL_CALHOUN,14675
SC_MARLBORO,14577
TX_WEBB,14553
GA_DOOLY,14510
MS_GREENE,14463
GA_TALIAFERRO,14381
KY_KNOX,14367
TX_BROOKS,14345
TN_HANCOCK,14326
MS_LEFLORE,14307
MS_YAZOO,14291
SD_CORSON,14262
TX_HIDALGO,14222
GA_BENHILL,14204
GA_QUITMAN,14201
NM_GUADALUPE,14198
KY_WOLFE,14157
AL_SUMTER,14156
IL_LAWRENCE,14147
TX_HUDSPETH,14142
WV_MCDOWELL,14093
KY_ELLIOTT,14040
KY_LEE,13969
MS_QUITMAN,13954
GA_MACON,13865
MS_KEMPER,13795
MS_ISSAQUENA,13731
AL_PERRY,13716
TX_MAVERICK,13668
PA_FOREST,13646
IL_ALEXANDER,13619
KY_OWSLEY,13611
FL_UNION,13590
LA_MADISON,13585
KY_CLAY,13542
AL_WILCOX,13379
SC_ALLENDALE,13334
TX_LASALLE,13307
GA_STEWART,13238
GA_WILCOX,13228
GA_CLAY,12982
MS_HUMPHREYS,12874
TX_ZAVALA,12828
MS_NOXUBEE,12780
MS_TALLAHATCHIE,12747
MS_JEFFERSON,12723
AZ_APACHE,12709
NM_MCKINLEY,12679
MS_SUNFLOWER,12588
AR_LEE,12529
GA_TELFAIR,12489
GA_HANCOCK,12381
SD_ZIEBACH,12339
MS_CLAIBORNE,12177
MS_HOLMES,12113
LA_EASTCARROLL,12055
TN_LAKE,12042
KY_MCCREARY,11818
TX_STARR,11584
SD_BUFFALO,11405
TX_WILLACY,11313
AK_KUSILVAKCENSUSAREA,11210
SD_TODD,10575
GA_WHEELER,8948
SD_OGLALALAKOTA,8768
